Show ID,Show,Date,Venue,Band,Band ID,Memorable Set,Notes
1,Rareform/Continent Tour,10/8/2018,The Phoenix,The Acacia Strain,1,,
1,Rareform/Continent Tour,10/8/2018,The Phoenix,Erra,45,,
1,Rareform/Continent Tour,10/8/2018,The Phoenix,After the Burial,5,,
1,Rareform/Continent Tour,10/8/2018,The Phoenix,Make Them Suffer,79,,
2,Warped Tour 2011,7/15/2011,Arrow Hall,The Acacia Strain,1,,
2,Warped Tour 2011,7/15/2011,Arrow Hall,A Day to Remember,35,,
2,Warped Tour 2011,7/15/2011,Arrow Hall,August Burns Red,15,,
2,Warped Tour 2011,7/15/2011,Arrow Hall,Dance Gavin Dance,34,,
2,Warped Tour 2011,7/15/2011,Arrow Hall,The Devil Wears Prada,39,,
2,Warped Tour 2011,7/15/2011,Arrow Hall,The Dillinger Escape Plan,41,,
2,Warped Tour 2011,7/15/2011,Arrow Hall,Paramore,162,,
2,Warped Tour 2011,7/15/2011,Arrow Hall,The Intake of Glass,64,,
2,Warped Tour 2011,7/15/2011,Arrow Hall,The Word Alive,142,,
2,Warped Tour 2011,7/15/2011,Arrow Hall,Miss May I,163,,
2,Warped Tour 2011,7/15/2011,Arrow Hall,Motionless in White,84,,
3,Green Day / AFI,8/18/2010,Budweiser Stage (Molson Amphitheatre),AFI,2,,
3,Green Day / AFI,8/18/2010,Budweiser Stage (Molson Amphitheatre),Green Day,59,,
4,Volition Tour,11/8/2013,La Tulipe,Affiance,3,X,"Dennis (vocalist) approached Marissa and I, assumed we were dating, then proceeded to talk about perogies with us for 5 min"
4,Volition Tour,11/8/2013,La Tulipe,Architects,12,,
4,Volition Tour,11/8/2013,La Tulipe,The Kindred (Today I Caught the Plague),73,,
4,Volition Tour,11/8/2013,La Tulipe,Protest the Hero,99,,
5,KOI Fest 2012,9/14/2012,Downtown,Auras,16,,
5,KOI Fest 2012,9/14/2012,Downtown,Counterparts,31,,
5,KOI Fest 2012,9/14/2012,Downtown,Ever Forthright,47,,
5,KOI Fest 2012,9/14/2012,Downtown,Mandroid Echostar,80,,
5,KOI Fest 2012,9/14/2012,Downtown,Northlane,90,,
5,KOI Fest 2012,9/14/2012,Downtown,Obey the Brave,91,,
5,KOI Fest 2012,9/14/2012,Downtown,Silverstein,111,,
5,KOI Fest 2012,9/14/2012,Downtown,Stray from the Path,114,,
5,KOI Fest 2012,9/14/2012,Downtown,Texas in July,119,,
5,KOI Fest 2012,9/14/2012,Downtown,The Intake of Glass,64,,
5,KOI Fest 2012,9/14/2012,Downtown,The Afterimage,4,,
5,KOI Fest 2012,9/14/2012,Downtown,Intervals,65,,
6,KOI Fest 2011,9/17/2011,Downtown,Counterparts,31,,
6,KOI Fest 2011,9/17/2011,Downtown,Dead and Divine,38,,
6,KOI Fest 2011,9/17/2011,Downtown,Blind Witness,143,,
6,KOI Fest 2011,9/17/2011,Downtown,Stray from the Path,114,,
6,KOI Fest 2011,9/17/2011,Downtown,Protest the Hero,99,,
7,Heavy TO,8/12/2012,Downsview Park,Periphery,95,,
7,Heavy TO,8/12/2012,Downsview Park,The Faceless,49,,
7,Heavy TO,8/12/2012,Downsview Park,Veil of Maya,132,,
7,Heavy TO,8/12/2012,Downsview Park,Job for a Cowboy,70,,
7,Heavy TO,8/12/2012,Downsview Park,Between the Buried and Me,19,,
7,Heavy TO,8/12/2012,Downsview Park,Cannibal Corpse,26,,
7,Heavy TO,8/12/2012,Downsview Park,Deftones,37,,
7,Heavy TO,8/12/2012,Downsview Park,System of a Down,117,X,Easily the craziest crowd I've ever been in
7,Heavy TO,8/12/2012,Downsview Park,Killswitch Engage,72,,
7,Heavy TO,8/12/2012,Downsview Park,Five Finger Death Punch,54,,
7,Heavy TO,8/12/2012,Downsview Park,Kataklysm,144,,
7,Heavy TO,8/12/2012,Downsview Park,Goatwhore,145,,
8,Crush 'Em All 2 Tour,9/21/2011,Axis Club (Mod Club),Veil of Maya,132,,
8,Crush 'Em All 2 Tour,9/21/2011,Axis Club (Mod Club),After the Burial,5,X,"Dragged Darren to his first metal show, had a blast at front stage"
8,Crush 'Em All 2 Tour,9/21/2011,Axis Club (Mod Club),Structures,115,,
8,Crush 'Em All 2 Tour,9/21/2011,Axis Club (Mod Club),Misery Signals,83,,
9,All Stars Tour,8/2/2011,Rebel (Sound Academy),After the Burial,5,X,Born of Osiris didn't make it over the border...again
9,All Stars Tour,8/2/2011,Rebel (Sound Academy),Emmure,146,,
9,All Stars Tour,8/2/2011,Rebel (Sound Academy),Alesana,6,,
9,All Stars Tour,8/2/2011,Rebel (Sound Academy),Blessthefall,22,,
9,All Stars Tour,8/2/2011,Rebel (Sound Academy),Chelsea Grin,27,,
9,All Stars Tour,8/2/2011,Rebel (Sound Academy),For Today,55,,
9,All Stars Tour,8/2/2011,Rebel (Sound Academy),Iwrestledabearonce,69,,
9,All Stars Tour,8/2/2011,Rebel (Sound Academy),Memphis May Fire,147,,
9,All Stars Tour,8/2/2011,Rebel (Sound Academy),The Ghost Inside,56,,
9,All Stars Tour,8/2/2011,Rebel (Sound Academy),In This Moment,148,,
10,Alesana Spring US Tour,4/23/2008,Opera House,Alesana,6,,
10,Alesana Spring US Tour,4/23/2008,Opera House,Drop Dead Gorgeous,42,,
10,Alesana Spring US Tour,4/23/2008,Opera House,I Set My Friends on Fire,68,,
10,Alesana Spring US Tour,4/23/2008,Opera House,Fear Before,149,,
11,Warped Tour 2009,7/10/2009,Arrow Hall,A Day to Remember,35,,
11,Warped Tour 2009,7/10/2009,Arrow Hall,Alexisonfire,7,,
11,Warped Tour 2009,7/10/2009,Arrow Hall,Attack Attack!,139,,
11,Warped Tour 2009,7/10/2009,Arrow Hall,Chiodos,28,,
11,Warped Tour 2009,7/10/2009,Arrow Hall,Escape the Fate,46,,
11,Warped Tour 2009,7/10/2009,Arrow Hall,I Set My Friends on Fire,68,,
11,Warped Tour 2009,7/10/2009,Arrow Hall,Senses Fail,150,,
11,Warped Tour 2009,7/10/2009,Arrow Hall,Silverstein,111,,
11,Warped Tour 2009,7/10/2009,Arrow Hall,The Devil Wears Prada,39,,
11,Warped Tour 2009,7/10/2009,Arrow Hall,3OH!3,138,,
11,Warped Tour 2009,7/10/2009,Arrow Hall,illScarlett,141,,
11,Warped Tour 2009,7/10/2009,Arrow Hall,Underoath,128,,
12,Alexisonfire Winter Tour,12/17/2010,Rebel (Sound Academy),Alexisonfire,7,,
12,Alexisonfire Winter Tour,12/17/2010,Rebel (Sound Academy),Norma Jean,151,,
12,Alexisonfire Winter Tour,12/17/2010,Rebel (Sound Academy),La Dispute,152,,
13,"Alexisonfire ""Farewell"" Tour",12/30/2012,Copps Coliseum,Alexisonfire,7,,
13,"Alexisonfire ""Farewell"" Tour",12/30/2012,Copps Coliseum,Moneen,153,,
14,Riot Fest 2015,9/19/2015,Downsview Park,Alexisonfire,7,,
14,Riot Fest 2015,9/19/2015,Downsview Park,Mötorhead,85,,
15,Blackdiamondskye Tour,9/18/2010,Budweiser Stage (Molson Amphitheatre),Mastodon,81,,
15,Blackdiamondskye Tour,9/18/2010,Budweiser Stage (Molson Amphitheatre),Alice in Chains,8,,
15,Blackdiamondskye Tour,9/18/2010,Budweiser Stage (Molson Amphitheatre),Deftones,37,,
16,AP Tour 2008,4/5/2008,The Phoenix,All Time Low,9,,
16,AP Tour 2008,4/5/2008,The Phoenix,Sonny Moore,154,X,That time where Matt and I didn't move out of the way for Skrillex mid-set because we thought he was a dwarf
16,AP Tour 2008,4/5/2008,The Phoenix,The Matches,155,,
16,AP Tour 2008,4/5/2008,The Phoenix,Forever the Sickest Kids,156,,
17,"The Compromising of Integrity, Morality & Principles in Exchange for Money Tour",11/23/2008,Kool Haus,All Time Low,9,,
17,"The Compromising of Integrity, Morality & Principles in Exchange for Money Tour",11/23/2008,Kool Haus,The Maine,159,,
17,"The Compromising of Integrity, Morality & Principles in Exchange for Money Tour",11/23/2008,Kool Haus,Mayday Parade,158,,
18,California Tour,8/21/2016,Budweiser Stage (Molson Amphitheatre),Blink-182,23,X,"Matt rallied a huge group of his friends to join him for his dream lineup, then he fucked up his leg so we went without him lol"
18,California Tour,8/21/2016,Budweiser Stage (Molson Amphitheatre),A Day to Remember,35,,
18,California Tour,8/21/2016,Budweiser Stage (Molson Amphitheatre),All Time Low,9,,
19,Coming Home for the Summer 2,7/14/2022,Budweiser Stage (Molson Amphitheatre),Sum 41,116,,
19,Coming Home for the Summer 2,7/14/2022,Budweiser Stage (Molson Amphitheatre),All Time Low,9,,
19,Coming Home for the Summer 2,7/14/2022,Budweiser Stage (Molson Amphitheatre),Gob,57,,
20,ERRA Tour,8/10/2022,Velvet Underground,Erra,45,,
20,ERRA Tour,8/10/2022,Velvet Underground,Alpha Wolf,10,,
20,ERRA Tour,8/10/2022,Velvet Underground,Thornhill,124,,
20,ERRA Tour,8/10/2022,Velvet Underground,Invent Animate,67,,
21,The Madness of Many Tour,11/28/2016,Opera House,Plini,97,,
21,The Madness of Many Tour,11/28/2016,Opera House,Intervals,65,,
21,The Madness of Many Tour,11/28/2016,Opera House,Animals As Leaders,11,X,"Brain Dance, The Woven Web, Nephele..."
22,Afraid of Heights Tour,2/27/2017,Scotiabank Arena (Air Canada Centre),Billy Talent,20,,
22,Afraid of Heights Tour,2/27/2017,Scotiabank Arena (Air Canada Centre),Alexisonfire,7,,
23,Summer Slaughter Tour 2013,8/8/2013,Rebel (Sound Academy),Animals As Leaders,11,,
23,Summer Slaughter Tour 2013,8/8/2013,Rebel (Sound Academy),The Dillinger Escape Plan,41,,
23,Summer Slaughter Tour 2013,8/8/2013,Rebel (Sound Academy),Periphery,95,,
23,Summer Slaughter Tour 2013,8/8/2013,Rebel (Sound Academy),Norma Jean,151,,
24,Warped Tour 2010,7/9/2010,Arrow Hall,Every Time I Die,48,,
24,Warped Tour 2010,7/9/2010,Arrow Hall,Whitechapel,134,X,"Gary bought himself a Whitechapel t-shirt, took it off and lost it not even an hour later"
24,Warped Tour 2010,7/9/2010,Arrow Hall,Suicide Silence,160,,
24,Warped Tour 2010,7/9/2010,Arrow Hall,Bring Me the Horizon,25,,
24,Warped Tour 2010,7/9/2010,Arrow Hall,The Dillinger Escape Plan,41,,
24,Warped Tour 2010,7/9/2010,Arrow Hall,Sum 41,116,,
24,Warped Tour 2010,7/9/2010,Arrow Hall,Pierce the Veil,96,,
24,Warped Tour 2010,7/9/2010,Arrow Hall,In Fear and Faith,161,,
25,Warped Tour 2013,7/5/2013,Echo Beach,"Oh, Sleeper",93,,
25,Warped Tour 2013,7/5/2013,Echo Beach,The Black Dahlia Murder,21,,
25,Warped Tour 2013,7/5/2013,Echo Beach,Architects,12,,
25,Warped Tour 2013,7/5/2013,Echo Beach,Blessthefall,22,,
25,Warped Tour 2013,7/5/2013,Echo Beach,Memphis May Fire,147,,
25,Warped Tour 2013,7/5/2013,Echo Beach,August Burns Red,15,,
25,Warped Tour 2013,7/5/2013,Echo Beach,Bring Me the Horizon,25,,
25,Warped Tour 2013,7/5/2013,Echo Beach,Chiodos,28,,
25,Warped Tour 2013,7/5/2013,Echo Beach,The Used,130,,
25,Warped Tour 2013,7/5/2013,Echo Beach,letlive.,76,,
25,Warped Tour 2013,7/5/2013,Echo Beach,Volumes,133,,
26,Phantom Anthem Tour,1/6/2018,Danforth Music Hall,August Burns Red,15,,
26,Phantom Anthem Tour,1/6/2018,Danforth Music Hall,Born of Osiris,24,,
26,Phantom Anthem Tour,1/6/2018,Danforth Music Hall,Erra,45,,
27,All Our Gods Have Abandoned Us Tour,4/6/2017,Danforth Music Hall,Architects,12,,
27,All Our Gods Have Abandoned Us Tour,4/6/2017,Danforth Music Hall,Make Them Suffer,79,,
27,All Our Gods Have Abandoned Us Tour,4/6/2017,Danforth Music Hall,Stray from the Path,114,,
28,"Underoath ""Farewell"" Tour",1/18/2013,Rebel (Sound Academy),As Cities Burn,13,,
28,"Underoath ""Farewell"" Tour",1/18/2013,Rebel (Sound Academy),mewithoutyou,82,,
28,"Underoath ""Farewell"" Tour",1/18/2013,Rebel (Sound Academy),letlive.,76,,
28,"Underoath ""Farewell"" Tour",1/18/2013,Rebel (Sound Academy),Underoath,128,X,First and last time I crowdsurfed thanks to Lukas; lost my shoe and had to deal with beer sock for the rest of the night
29,Cool Tour,7/17/2010,Rebel (Sound Academy),Cancer Bats,164,,
29,Cool Tour,7/17/2010,Rebel (Sound Academy),Architects,12,,
29,Cool Tour,7/17/2010,Rebel (Sound Academy),Blessthefall,22,,
29,Cool Tour,7/17/2010,Rebel (Sound Academy),Underoath,128,,
29,Cool Tour,7/17/2010,Rebel (Sound Academy),Between the Buried and Me,19,,
29,Cool Tour,7/17/2010,Rebel (Sound Academy),As I Lay Dying,14,,
30,AP Tour 2010,11/20/2010,Kool Haus,August Burns Red,15,,
30,AP Tour 2010,11/20/2010,Kool Haus,Bring Me the Horizon,25,,
30,AP Tour 2010,11/20/2010,Kool Haus,Emarosa,44,,
31,Toursick,4/14/2010,Rebel (Sound Academy),August Burns Red,15,,
31,Toursick,4/14/2010,Rebel (Sound Academy),A Day to Remember,35,,
31,Toursick,4/14/2010,Rebel (Sound Academy),Silverstein,111,,
31,Toursick,4/14/2010,Rebel (Sound Academy),Enter Shikari,165,,
32,Mandroid US/Canada Tour,6/4/2016,Velvet Underground,Mandroid Echostar,80,,
32,Mandroid US/Canada Tour,6/4/2016,Velvet Underground,Auras,16,,
32,Mandroid US/Canada Tour,6/4/2016,Velvet Underground,Native Construct,88,,
33,Avenged Sevenfold Album Tour,12/17/2008,Rebel (Sound Academy),Shadows Fall,166,,
33,Avenged Sevenfold Album Tour,12/17/2008,Rebel (Sound Academy),Burn Halo,167,,
33,Avenged Sevenfold Album Tour,12/17/2008,Rebel (Sound Academy),Avenged Sevenfold,17,,
34,Rockstar Uproar Tour,8/24/2010,Budweiser Stage (Molson Amphitheatre),Avenged Sevenfold,17,,
34,Rockstar Uproar Tour,8/24/2010,Budweiser Stage (Molson Amphitheatre),Disturbed,168,,
34,Rockstar Uproar Tour,8/24/2010,Budweiser Stage (Molson Amphitheatre),Stone Sour,169,,
35,Leprous/Haken Co-Headliner,10/31/2018,Opera House,Bent Knee,18,,
35,Leprous/Haken Co-Headliner,10/31/2018,Opera House,Haken,61,,
35,Leprous/Haken Co-Headliner,10/31/2018,Opera House,Leprous,75,,
36,Transcending the Coma Tour,9/20/2016,Danforth Music Hall,Between the Buried and Me,19,,
36,Transcending the Coma Tour,9/20/2016,Danforth Music Hall,Fallujah,52,,
36,Transcending the Coma Tour,9/20/2016,Danforth Music Hall,Devin Townsend,40,,
37,BTBAM North American Tour 2011,4/21/2011,Opera House,Between the Buried and Me,19,X,Crowd went full hoedown during Ants of the Sky ending
37,BTBAM North American Tour 2011,4/21/2011,Opera House,Job for a Cowboy,70,,
37,BTBAM North American Tour 2011,4/21/2011,Opera House,The Ocean,92,,
37,BTBAM North American Tour 2011,4/21/2011,Opera House,Cephalic Carnage,170,,
38,Colors 10th Anniversary,9/29/2017,Opera House,Between the Buried and Me,19,X,"Favourite album of all time, front to back!"
38,Colors 10th Anniversary,9/29/2017,Opera House,The Contortionist,30,,
38,Colors 10th Anniversary,9/29/2017,Opera House,Polyphia,98,,
38,Colors 10th Anniversary,9/29/2017,Opera House,Toothgrinder,127,,
39,Parallax II: Future Sequence Tour,2/18/2014,The Phoenix,Between the Buried and Me,19,,
39,Parallax II: Future Sequence Tour,2/18/2014,The Phoenix,Intronaut,66,,
39,Parallax II: Future Sequence Tour,2/18/2014,The Phoenix,The Kindred (Today I Caught the Plague),73,,
39,Parallax II: Future Sequence Tour,2/18/2014,The Phoenix,Deafheaven,36,,
40,Deadmen and Dragons Tour,10/25/2022,Rebel (Sound Academy),Khemmis,71,,
40,Deadmen and Dragons Tour,10/25/2022,Rebel (Sound Academy),Trivium,126,,
40,Deadmen and Dragons Tour,10/25/2022,Rebel (Sound Academy),Whitechapel,134,,
40,Deadmen and Dragons Tour,10/25/2022,Rebel (Sound Academy),Between the Buried and Me,19,,
41,Honda Civic Tour,8/17/2011,Budweiser Stage (Molson Amphitheatre),Blink-182,23,,
41,Honda Civic Tour,8/17/2011,Budweiser Stage (Molson Amphitheatre),My Chemical Romance,87,,
42,This War Is Ours Tour,11/15/2008,Rebel (Sound Academy),Chiodos,28,,
42,This War Is Ours Tour,11/15/2008,Rebel (Sound Academy),A Skylit Drive,140,,
42,This War Is Ours Tour,11/15/2008,Rebel (Sound Academy),Dead and Divine,38,,
42,This War Is Ours Tour,11/15/2008,Rebel (Sound Academy),Escape the Fate,46,,
42,This War Is Ours Tour,11/15/2008,Rebel (Sound Academy),Silverstein,111,,
43,Chon/BTBAM Co-Headliner,11/24/2019,The Phoenix,Between the Buried and Me,19,,
43,Chon/BTBAM Co-Headliner,11/24/2019,The Phoenix,CHON,29,,
43,Chon/BTBAM Co-Headliner,11/24/2019,The Phoenix,Intervals,65,,
44,No Mercy Canadian Tour,2/20/2011,The Rockpile,The Contortionist,30,X,Crowd cheered for an encore despite being 2nd last on the bill; band played an awesome improptu encore and almost entire crowd left afterwards lol...poor Suffokate
44,No Mercy Canadian Tour,2/20/2011,The Rockpile,Last Chance to Reason,74,,
45,Language/Exoplanet Tour,9/28/2022,St. Andrews Hall,Rivers of Nihil,104,,
45,Language/Exoplanet Tour,9/28/2022,St. Andrews Hall,The Contortionist,30,X,Language AND Exoplanet front to back...
46,Deftones/The Contortionist 2013,3/1/2013,Kool Haus,Deftones,37,,
46,Deftones/The Contortionist 2013,3/1/2013,Kool Haus,The Contortionist,30,,
47,The Canadian Rehabilitation Tour 2,10/26/2012,Sneaky Dee's,Your Memorial,137,,
47,The Canadian Rehabilitation Tour 2,10/26/2012,Sneaky Dee's,Intervals,65,,
47,The Canadian Rehabilitation Tour 2,10/26/2012,Sneaky Dee's,The Contortionist,30,,
47,The Canadian Rehabilitation Tour 2,10/26/2012,Sneaky Dee's,Volumes,133,,
48,Polaris North America 2015 Tour,11/6/2015,The Phoenix,The Contortionist,30,,
48,Polaris North America 2015 Tour,11/6/2015,The Phoenix,TesseracT,118,,
48,Polaris North America 2015 Tour,11/6/2015,The Phoenix,Erra,45,,
48,Polaris North America 2015 Tour,11/6/2015,The Phoenix,Skyharbor,172,,
49,Reimagined Tour,11/29/2018,The Phoenix,The Contortionist,30,,
49,Reimagined Tour,11/29/2018,The Phoenix,Intervals,65,,
50,Metalsucks Tour 2015,2/26/2015,Tattoo Rock Parlour,The Contortionist,30,X,Gabe showed up out of nowhere after the show and scared the living shit out of me
50,Metalsucks Tour 2015,2/26/2015,Tattoo Rock Parlour,Fallujah,52,,
50,Metalsucks Tour 2015,2/26/2015,Tattoo Rock Parlour,Revocation,102,,
50,Metalsucks Tour 2015,2/26/2015,Tattoo Rock Parlour,Toothgrinder,127,,
51,Neon Alien Tour,8/29/2019,Axis Club (Mod Club),Erra,45,,
51,Neon Alien Tour,8/29/2019,Axis Club (Mod Club),Crystal Lake,32,X,Craziest opening set I've ever seen; crowd was going nuts
51,Neon Alien Tour,8/29/2019,Axis Club (Mod Club),Currents,33,,
51,Neon Alien Tour,8/29/2019,Axis Club (Mod Club),Northlane,90,,
52,Trilogy 2020 Tour,3/6/2020,Hard Luck Bar,Currents,33,,
52,Trilogy 2020 Tour,3/6/2020,Hard Luck Bar,Silent Planet,110,X,Last set before covid broke out the following week...
52,Trilogy 2020 Tour,3/6/2020,Hard Luck Bar,Greyhaven,60,,
53,No Fix Tour,5/12/2018,Rapids Theatre,Dance Gavin Dance,34,X,"Amazing venue, terrifying neighbourhood, flawless set"
53,No Fix Tour,5/12/2018,Rapids Theatre,Underoath,128,,
53,No Fix Tour,5/12/2018,Rapids Theatre,Limbs,77,,
53,No Fix Tour,5/12/2018,Rapids Theatre,Veil of Maya,132,,
54,An Evening With Friends Tour,8/17/2022,The Phoenix,Dance Gavin Dance,34,,
54,An Evening With Friends Tour,8/17/2022,The Phoenix,Royal Coda,105,,
55,Deftones Spring 2022 Tour,5/22/2022,Budweiser Stage (Molson Amphitheatre),Gojira,58,X,One for the bucket list; these guys sound HUGE live
55,Deftones Spring 2022 Tour,5/22/2022,Budweiser Stage (Molson Amphitheatre),Deftones,37,,
56,Zombie Tour,8/14/2022,Danforth Music Hall,The Devil Wears Prada,39,,
56,Zombie Tour,8/14/2022,Danforth Music Hall,Stray from the Path,114,,
56,Zombie Tour,8/14/2022,Danforth Music Hall,Dying Wish,43,,
57,Winterizer 2010,11/27/2010,London Music Hall,Silverstein,111,,
57,Winterizer 2010,11/27/2010,London Music Hall,For Today,55,,
57,Winterizer 2010,11/27/2010,London Music Hall,The Devil Wears Prada,39,,
58,Devy North America 2020,2/27/2020,The Phoenix,Devin Townsend,40,X,Suuuch a vibe - did the whole tour with Che and played some Casualties of Cool songs; Sara loved it
58,Devy North America 2020,2/27/2020,The Phoenix,The Contortionist,30,,
58,Devy North America 2020,2/27/2020,The Phoenix,Haken,61,,
59,Do You Even Riff? Tour,8/16/2013,Hard Luck Bar,Auras,16,,
59,Do You Even Riff? Tour,8/16/2013,Hard Luck Bar,Ever Forthright,47,,
60,The Faceless Headliner 2013,6/11/2013,Annex Wreckroom,The Faceless,49,,
60,The Faceless Headliner 2013,6/11/2013,Annex Wreckroom,Rings of Saturn,103,,
60,The Faceless Headliner 2013,6/11/2013,Annex Wreckroom,Within the Ruins,136,,
60,The Faceless Headliner 2013,6/11/2013,Annex Wreckroom,The Kindred (Today I Caught the Plague),73,,
61,Arsonists Tour Summer 2011,6/21/2011,Club Absinthe,Structures,115,,
61,Arsonists Tour Summer 2011,6/21/2011,Club Absinthe,Volumes,133,,
61,Arsonists Tour Summer 2011,6/21/2011,Club Absinthe,Fall in Archaea,50,,
61,Arsonists Tour Summer 2011,6/21/2011,Club Absinthe,Arsonists Get All the Girls,173,,
62,Fall of Troy Farewell 2010,4/15/2010,Annex Wreckroom,The Fall of Troy,51,X,Rody (PTH) hopped on stage to sing Dirty Pillow Talk!
63,Sheet Happens Tour 2022,9/10/2022,Opera House,Intervals,65,,
63,Sheet Happens Tour 2022,9/10/2022,Opera House,Mandroid Echostar,80,,
63,Sheet Happens Tour 2022,9/10/2022,Opera House,Falset,53,,
64,The Shape of Colour Tour,4/23/2016,Adelaide Hall,Intervals,65,,
64,The Shape of Colour Tour,4/23/2016,Adelaide Hall,Plini,97,,
64,The Shape of Colour Tour,4/23/2016,Adelaide Hall,The Helix Nebula,62,,
64,The Shape of Colour Tour,4/23/2016,Adelaide Hall,Save Us From the Archon,106,,
65,One Last Time,12/13/2019,Danforth Music Hall,Hollerado,63,,
66,Hollerado Canadian Tour,9/26/2013,The Starlight,Hollerado,63,,
66,Hollerado Canadian Tour,9/26/2013,The Starlight,Pup,174,,
67,Wakestock 2010,8/6/2010,Millenium Overlook Park,Hollerado,63,,
67,Wakestock 2010,8/6/2010,Millenium Overlook Park,Alexisonfire,7,,
68,Hollerado Fall Tour 2011,10/15/2011,Opera House,Hollerado,63,,
69,Structures Headliner,5/13/2013,Club Absinthe,Structures,115,,
69,Structures Headliner,5/13/2013,Club Absinthe,Texas in July,119,,
69,Structures Headliner,5/13/2013,Club Absinthe,Intervals,65,,
69,Structures Headliner,5/13/2013,Club Absinthe,Northlane,90,,
70,Washington Parish Fair,10/20/2017,Washington Parish Fair,Little Texas,78,,
70,Washington Parish Fair,10/20/2017,Washington Parish Fair,Shenandoah,108,,
71,The Hunter Tour,11/28/2011,Kool Haus,The Dillinger Escape Plan,41,,
71,The Hunter Tour,11/28/2011,Kool Haus,Red Fang,101,,
71,The Hunter Tour,11/28/2011,Kool Haus,Mastodon,81,,
72,The Resistance Tour,3/8/2010,Scotiabank Arena (Air Canada Centre),Muse,86,,
72,The Resistance Tour,3/8/2010,Scotiabank Arena (Air Canada Centre),Silversun Pickups,112,,
73,MCR Reunion Tour,9/5/2022,Scotiabank Arena (Air Canada Centre),My Chemical Romance,87,X,My 14 year old self can now die happy
74,Evening of Talk and Music,9/28/2019,Convocation Hall,Nick Cave and the Bad Seeds,89,X,Great night out with Dad; cool mix of music and crowd interaction
75,Skeleton Tree Tour,10/28/2018,Scotiabank Arena (Air Canada Centre),Nick Cave and the Bad Seeds,89,,
76,The King of Limbs Tour,6/15/2012,Centre Bell,Radiohead,100,,
77,The SnoCore Tour 2010,3/26/2010,Rebel (Sound Academy),Protest the Hero,99,,
78,Kezia X,12/4/2015,Opera House,Mandroid Echostar,80,,
78,Kezia X,12/4/2015,Opera House,Protest the Hero,99,,
79,Palimpsest Tour,6/11/2022,London Music Hall,Protest the Hero,99,,
79,Palimpsest Tour,6/11/2022,London Music Hall,Choke,171,,
81,Beer! The Musical! Tour,4/25/2008,Rebel (Sound Academy),Protest the Hero,99,,
81,Beer! The Musical! Tour,4/25/2008,Rebel (Sound Academy),Chiodos,28,,
81,Beer! The Musical! Tour,4/25/2008,Rebel (Sound Academy),From First to Last,175,,
82,Pull Me From the Gallows Tour,5/31/2011,Annex Wreckroom,Scale the Summit,107,,
82,Pull Me From the Gallows Tour,5/31/2011,Annex Wreckroom,This or the Apocalypse,123,,
82,Pull Me From the Gallows Tour,5/31/2011,Annex Wreckroom,letlive.,76,,
83,Scurrilous Tour,5/6/2011,Rebel (Sound Academy),Protest the Hero,99,,
83,Scurrilous Tour,5/6/2011,Rebel (Sound Academy),TesseracT,118,,
83,Scurrilous Tour,5/6/2011,Rebel (Sound Academy),Maylene and the Sons of Disaster,176,,
84,Sigur Ros North America 2013,3/30/2013,Scotiabank Arena (Air Canada Centre),Sigur Rós,109,,
85,Valtari Tour,8/1/2012,Echo Beach,Sigur Rós,109,,
86,Sigur Ros North America 2017,6/3/2017,Auditorium Theater,Sigur Rós,109,X,Amazing venue & set; closed with my favourite song of theirs (Popplagio)
87,North America F.E.A.R Tour,6/15/2022,Axis Club (Mod Club),With Confidence,135,,
87,North America F.E.A.R Tour,6/15/2022,Axis Club (Mod Club),Stand Atlantic,113,,
88,Animal I Have Become Tour,11/8/2006,Kool Haus,Three Days Grace,125,X,"First concert ever; couldn't see shit as a 4'11"" tall 13 year old!"
88,Animal I Have Become Tour,11/8/2006,Kool Haus,Theory of a Deadman,121,,
89,Three Days Grace Headliner 2009,12/17/2009,Scotiabank Arena (Air Canada Centre),Three Days Grace,125,,
89,Three Days Grace Headliner 2009,12/17/2009,Scotiabank Arena (Air Canada Centre),The Used,130,,
89,Three Days Grace Headliner 2009,12/17/2009,Scotiabank Arena (Air Canada Centre),Default,177,,
90,Protest the Hero Winter 2014,12/27/2014,Danforth Music Hall,Protest the Hero,99,,
90,Protest the Hero Winter 2014,12/27/2014,Danforth Music Hall,Unearth,129,,
90,Protest the Hero Winter 2014,12/27/2014,Danforth Music Hall,Intervals,65,,
91,Be United Canada Tour,5/18/2018,Hard Luck Bar,This is a Standoff,122,,
92,ABR US/Canada Tour,4/1/2011,London Music Hall,August Burns Red,15,X,Born of Osiris didn't make it over the border
92,ABR US/Canada Tour,4/1/2011,London Music Hall,Texas in July,119,,
92,ABR US/Canada Tour,4/1/2011,London Music Hall,Set Your Goals,178,,
93,Frozen Flame Tour,1/30/2015,The Phoenix,August Burns Red,15,,
93,Frozen Flame Tour,1/30/2015,The Phoenix,Erra,45,,
93,Frozen Flame Tour,1/30/2015,The Phoenix,Northlane,90,,
93,Frozen Flame Tour,1/30/2015,The Phoenix,Miss May I,163,,
94,BTBAM Colors Livestream 2020,8/7/2020,Twitch/Livestream,Between the Buried and Me,19,,
95,The Contortionist Clairvoyant Livestream,6/26/2021,Twitch/Livestream,The Contortionist,30,,
96,The Contortionist Exoplanet Livestream,7/27/2021,Twitch/Livestream,The Contortionist,30,,
97,Silent Planet Terminal Virtual Concert Experience,2/6/2021,Twitch/Livestream,Silent Planet,110,,
98,VOLA North America 2022,11/14/2022,Hard Luck Bar,Earthside,179,,
98,VOLA North America 2022,11/14/2022,Hard Luck Bar,VOLA,180,,
99,With the Punches Summer 2012,7/18/2012,Hard Luck Bar,With the Punches,181,,
99,With the Punches Summer 2012,7/18/2012,Hard Luck Bar,Forever Came Calling,182,,
99,With the Punches Summer 2012,7/18/2012,Hard Luck Bar,State Champs,183,,
100,Dwight Yoakam Summer 2017,7/22/2017,Danforth Music Hall,Dwight Yoakam,184,X,"Sara's ""surprise"" concert that Marissa spoiled for her lol"
101,Underoath Rebirth Tour,4/19/2016,Opera House,Caspian,185,,
101,Underoath Rebirth Tour,4/19/2016,Opera House,Underoath,128,X,First show post-accident; played DTGL and TOCS front to back; was still awesome despite the eye patch ;)
102,The Plot in You Fall 2022 NA Tour,11/24/2022,Opera House,Silent Planet,110,,
102,The Plot in You Fall 2022 NA Tour,11/24/2022,Opera House,The Plot in You,186,,
102,The Plot in You Fall 2022 NA Tour,11/24/2022,Opera House,Avoid,187,,
102,The Plot in You Fall 2022 NA Tour,11/24/2022,Opera House,Cane Hill,188,,
103,BTBAM Automata Livestream 2021,3/20/2021,Twitch/Livestream,Between the Buried and Me,19,,
104,Behaviour Sneaky Dee's,10/2/2018,Sneaky Dee's,Behaviour,189,,
105,A Eulogy For Those Who Are Still Here Tour,12/18/2022,Danforth Music Hall,Foreign Hands,190,,
105,A Eulogy For Those Who Are Still Here Tour,12/18/2022,Danforth Music Hall,SeeYouSpaceCowboy...,191,,
105,A Eulogy For Those Who Are Still Here Tour,12/18/2022,Danforth Music Hall,Dying Wish,43,,
105,A Eulogy For Those Who Are Still Here Tour,12/18/2022,Danforth Music Hall,Counterparts,31,,
106,The Hum Goes On Forever Tour,3/20/2023,History,The Wonder Years,192,,
106,The Hum Goes On Forever Tour,3/20/2023,History,Hot Mulligan,193,,
107,Ontario Spring Tour 2023,4/15/2023,Bridgeworks,Ready The Prince,194,,
107,Ontario Spring Tour 2023,4/15/2023,Bridgeworks,Protest the Hero,99,,
108,Eternal Blue Tour,5/4/2023,History,After the Burial,5,,
108,Eternal Blue Tour,5/4/2023,History,Intervals,65,,
108,Eternal Blue Tour,5/4/2023,History,Spiritbox,195,,
109,Fauna Tour,5/5/2023,Opera House,Haken,61,,
109,Fauna Tour,5/5/2023,Opera House,Arch Echo,196,,
110,The Death We Seek Tour,5/13/2023,Velvet Underground,Currents,33,,
110,The Death We Seek Tour,5/13/2023,Velvet Underground,Invent Animate,67,X,That time when Lukas and I figured out how to Velvet Underground and Invent Animate played basically all of Heavener
110,The Death We Seek Tour,5/13/2023,Velvet Underground,Foreign Hands,190,,
110,The Death We Seek Tour,5/13/2023,Velvet Underground,Like Moths To Flames,197,,
111,So Much For Stardust Tour,7/30/2023,Budweiser Stage (Molson Amphitheatre),Fall Out Boy,198,,
111,So Much For Stardust Tour,7/30/2023,Budweiser Stage (Molson Amphitheatre),Bring Me the Horizon,25,,
112,Alexisonfire Homecoming 2023,6/16/2023,Budweiser Stage (Molson Amphitheatre),Alexisonfire,7,,
112,Alexisonfire Homecoming 2023,6/16/2023,Budweiser Stage (Molson Amphitheatre),Pup,174,,
113,Parallax II 10th Anniversary Tour,6/25/2023,Danforth Music Hall,Thank You Scientist,199,,
113,Parallax II 10th Anniversary Tour,6/25/2023,Danforth Music Hall,Rivers of Nihil,104,,
113,Parallax II 10th Anniversary Tour,6/25/2023,Danforth Music Hall,Between the Buried and Me,19,,
114,Plini Guitar Clinic,7/29/2023,Sheet Happens HQ,Plini,97,,
115,Intervals Guitar Clinic,9/11/2022,Sheet Happens HQ,Intervals,65,,
116,Hold the Girl Tour,8/10/2023,History,Magdalena Bay,200,,
116,Hold the Girl Tour,8/10/2023,History,Rina Sawayama,201,,
117,Fear the Premiere Tour,8/11/2023,Rebel (Sound Academy),Ice Nine Kills,202,,
117,Fear the Premiere Tour,8/11/2023,Rebel (Sound Academy),Mike's Dead,203,,
117,Fear the Premiere Tour,8/11/2023,Rebel (Sound Academy),August Burns Red,15,,
117,Fear the Premiere Tour,8/11/2023,Rebel (Sound Academy),Veil of Maya,132,,